,text,ttext,nstop
0,"so all you that say trump never downplayed covid19, your really saying woodward lied, somehow got trump's voice, or… ","['so', 'all', 'you', 'that', 'say', 'trump', 'never', 'downplayed', 'covid19', ',', 'your', 'really', 'saying', 'woodward', 'lied', ',', 'somehow', 'got', 'trump', ""'s"", 'voice', ',', 'or', '…']","['all', 'that', 'trump', 'downplayed', 'covid19', ',', 'really', 'saying', 'woodward', 'lied', ',', 'got', 'trump', 'voice', ',', '…']"
1,coronavirus: yorkshire quartet out of t20 blast group games after positive test ,"['coronavirus', ':', 'yorkshire', 'quartet', 'out', 'of', 't20', 'blast', 'group', 'games', 'after', 'positive', 'test']","['coronavirus', ':', 'yorkshire', 'quartet', 'of', 't20', 'blast', 'group', 'games', 'positive', 'test']"
2,cdc: almost all of the us kids and teens who've died from covid-19 were hispanic or black  v… ,"['cdc', ':', 'almost', 'all', 'of', 'the', 'us', 'kids', 'and', 'teens', 'who', ""'ve"", 'died', 'from', 'covid-19', 'were', 'hispanic', 'or', 'black', ' ', 'v', '…']","['cdc', ':', 'all', 'the', 'kids', 'teens', ""'ve"", 'died', 'covid-19', 'hispanic', 'black', ' ', 'v', '…']"
3,fellow south africans must one day tell ukuthi how did they get convinced about covid-19 fakendemic lockdown. i tho… ,"['fellow', 'south', 'africans', 'must', 'one', 'day', 'tell', 'ukuthi', 'how', 'did', 'they', 'get', 'convinced', 'about', 'covid-19', 'fakendemic', 'lockdown', '.', 'i', 'tho', '…']","['fellow', 'south', 'africans', 'one', 'day', 'tell', 'ukuthi', 'did', 'get', 'convinced', 'covid-19', 'fakendemic', 'lockdown', '.', 'tho', '…']"
4,"ahmedabad adds 165 covid-19 cases, taking tally to 34,237; toll rises to 1,784 with three more deaths: gujarat health department","['ahmedabad', 'adds', '165', 'covid-19', 'cases', ',', 'taking', 'tally', 'to', '34,237', ';', 'toll', 'rises', 'to', '1,784', 'with', 'three', 'more', 'deaths', ':', 'gujarat', 'health', 'department']","['ahmedabad', 'adds', '165', 'covid-19', 'cases', ',', 'taking', 'tally', '34,237', ';', 'toll', 'rises', '1,784', 'three', 'deaths', ':', 'gujarat', 'health', 'department']"
5,we are getting so close.  keep spreading ,"['we', 'are', 'getting', 'so', 'close', '.', ' ', 'keep', 'spreading']","['are', 'getting', 'close', '.', ' ', 'spreading']"
6,"prof sucharita sen  explains how inflation, lack of social security, greater job-loss affected… ","['prof', 'sucharita', 'sen', ' ', 'explains', 'how', 'inflation', ',', 'lack', 'of', 'social', 'security', ',', 'greater', 'job', '-', 'loss', 'affected', '…']","['prof', 'sucharita', 'sen', ' ', 'explains', 'inflation', ',', 'lack', 'social', 'security', ',', 'greater', 'job', '-', 'loss', 'affected', '…']"
7,worcester among 17 mass. communities at high risk of covid-19 ,"['worcester', 'among', '17', 'mass', '.', 'communities', 'at', 'high', 'risk', 'of', 'covid-19']","['worcester', '17', 'mass', '.', 'communities', 'high', 'risk', 'covid-19']"
8,anyone with any brain would have known this would happen.. ,"['anyone', 'with', 'any', 'brain', 'would', 'have', 'known', 'this', 'would', 'happen', '..']","['with', 'brain', 'have', 'known', 'would', 'happen', '..']"
9,multiple white house staff test positive for coronavirus,"['multiple', 'white', 'house', 'staff', 'test', 'positive', 'for', 'coronavirus']","['multiple', 'white', 'house', 'staff', 'test', 'positive', 'coronavirus']"
10,"collaborative approach to solving problem is the way forward. as pointed here, often policy makers are distracted… ","['collaborative', 'approach', 'to', 'solving', 'problem', 'is', 'the', 'way', 'forward', '.', 'as', 'pointed', 'here', ',', 'often', 'policy', 'makers', 'are', 'distracted', '…']","['collaborative', 'approach', 'solving', 'problem', 'the', 'way', 'forward', '.', 'pointed', ',', 'policy', 'makers', 'distracted', '…']"
11,⁦⁩help slow the spread of  and identify at risk cases sooner by self-reporting your symptoms… ,"['\u2066\u2069help', 'slow', 'the', 'spread', 'of', ' ', 'and', 'identify', 'at', 'risk', 'cases', 'sooner', 'by', 'self', '-', 'reporting', 'your', 'symptoms', '…']","['\u2066\u2069help', 'slow', 'spread', ' ', 'identify', 'risk', 'cases', 'sooner', 'self', '-', 'reporting', 'symptoms', '…']"
12,"dear  , can you please clarify the 48 hours covid-19 test condition for arrival passengers, should i… ","['dear', ' ', ',', 'can', 'you', 'please', 'clarify', 'the', '48', 'hours', 'covid-19', 'test', 'condition', 'for', 'arrival', 'passengers', ',', 'should', 'i', '…']","['dear', ' ', ',', 'you', 'clarify', '48', 'hours', 'covid-19', 'test', 'condition', 'arrival', 'passengers', ',', 'i', '…']"
13,eight people in indonesia refused to wear face masks. they were ordered to dig graves for covid-19 victims as punis… ,"['eight', 'people', 'in', 'indonesia', 'refused', 'to', 'wear', 'face', 'masks', '.', 'they', 'were', 'ordered', 'to', 'dig', 'graves', 'for', 'covid-19', 'victims', 'as', 'punis', '…']","['people', 'indonesia', 'refused', 'wear', 'face', 'masks', '.', 'were', 'ordered', 'dig', 'graves', 'covid-19', 'victims', 'punis', '…']"
14,"""lock-him-up""!that's what all these democrat govs+mayors told their states+cities citizens,if don't obey me,your ge… ","['""', 'lock', '-', 'him', '-', 'up""!that', ""'s"", 'what', 'all', 'these', 'democrat', 'govs+mayors', 'told', 'their', 'states+cities', 'citizens', ',', 'if', 'do', ""n't"", 'obey', 'me', ',', 'your', 'ge', '…']","['""', 'lock', '-', '-', 'up""!that', 'what', 'these', 'democrat', 'govs+mayors', 'told', 'states+cities', 'citizens', ',', 'do', 'obey', ',', 'ge', '…']"
15,not enough covid-19 vaccines for return to normal until 2022: who scientist,"['not', 'enough', 'covid-19', 'vaccines', 'for', 'return', 'to', 'normal', 'until', '2022', ':', 'who', 'scientist']","['enough', 'covid-19', 'vaccines', 'return', 'normal', '2022', ':', 'scientist']"
16,it's tough to tell covid-19 from smoke inhalation symptoms — and flu season's coming ,"['it', ""'s"", 'tough', 'to', 'tell', 'covid-19', 'from', 'smoke', 'inhalation', 'symptoms', '—', 'and', 'flu', 'season', ""'s"", 'coming']","['tough', 'tell', 'covid-19', 'smoke', 'inhalation', 'symptoms', '—', 'flu', 'season', ""'s"", 'coming']"
17,this we need more daniel dale! ,"['this', 'we', 'need', 'more', 'daniel', 'dale', '!']","['we', 'need', 'daniel', 'dale', '!']"
18," mock the  over  policy - net worth, tours, &amp; married life","[' ', 'mock', 'the', ' ', 'over', ' ', 'policy', '-', 'net', 'worth', ',', 'tours', ',', '&', 'amp', ';', 'married', 'life']","[' ', 'mock', ' ', ' ', 'policy', '-', 'net', 'worth', ',', 'tours', ',', '&', 'amp', ';', 'married', 'life']"
19, love reading? then do check out the blog made especially for you.  ,"[' ', 'love', 'reading', '?', 'then', 'do', 'check', 'out', 'the', 'blog', 'made', 'especially', 'for', 'you', '.', ' ']","[' ', 'love', 'reading', '?', 'do', 'check', 'the', 'blog', 'especially', 'you', '.', ' ']"
20,i’m so glad they’re finally locking down to keep all my israeli bbs safe but this is so extra i love it ,"['i', '’m', 'so', 'glad', 'they', '’re', 'finally', 'locking', 'down', 'to', 'keep', 'all', 'my', 'israeli', 'bbs', 'safe', 'but', 'this', 'is', 'so', 'extra', 'i', 'love', 'it']","['’m', 'glad', '’re', 'finally', 'locking', 'to', 'all', 'israeli', 'bbs', 'safe', 'this', 'so', 'extra', 'love']"
21,"  in brief, sept15, 2020  via  #قیام_تنها_جوابه … ","['  ', 'in', 'brief', ',', 'sept15', ',', '2020', ' ', 'via', ' ', '#', 'قیام_تنها_جوابه', '…']","['  ', 'brief', ',', 'sept15', ',', '2020', ' ', ' ', '#', 'قیام_تنها_جوابه', '…']"
22, help!appeal to help those who were chased by the ccp who knew the truth about wuhan covid-19… ,"[' ', 'help!appeal', 'to', 'help', 'those', 'who', 'were', 'chased', 'by', 'the', 'ccp', 'who', 'knew', 'the', 'truth', 'about', 'wuhan', 'covid-19', '…']","[' ', 'help!appeal', 'help', 'chased', 'ccp', 'who', 'knew', 'the', 'truth', 'wuhan', 'covid-19', '…']"
23,"rest well, mary. we'll take it from here. ","['rest', 'well', ',', 'mary', '.', 'we', ""'ll"", 'take', 'it', 'from', 'here', '.']","['rest', ',', 'mary', '.', ""'ll"", 'it', 'here', '.']"
24,unconscionable.the trump administration is skipping out on the bill for mailing trump-praising postcards… ,"['unconscionable.the', 'trump', 'administration', 'is', 'skipping', 'out', 'on', 'the', 'bill', 'for', 'mailing', 'trump', '-', 'praising', 'postcards', '…']","['unconscionable.the', 'trump', 'administration', 'skipping', 'on', 'bill', 'mailing', 'trump', '-', 'praising', 'postcards', '…']"
25,cfia scientific studies confirm that domestic poultry and swine do not pose a public health risk of transmitting co… ,"['cfia', 'scientific', 'studies', 'confirm', 'that', 'domestic', 'poultry', 'and', 'swine', 'do', 'not', 'pose', 'a', 'public', 'health', 'risk', 'of', 'transmitting', 'co', '…']","['cfia', 'scientific', 'studies', 'confirm', 'domestic', 'poultry', 'swine', 'not', 'pose', 'public', 'health', 'risk', 'transmitting', 'co', '…']"
26,this is not fair        … ,"['this', 'is', 'not', 'fair', '       ', '…']","['is', 'fair', '       ', '…']"
27,cdc dir today: a covid19 vaccines in a year or more away. trump stop lyinggg. ,"['cdc', 'dir', 'today', ':', 'a', 'covid19', 'vaccines', 'in', 'a', 'year', 'or', 'more', 'away', '.', 'trump', 'stop', 'lyinggg', '.']","['cdc', 'dir', 'today', ':', 'covid19', 'vaccines', 'a', 'year', 'more', 'away', '.', 'trump', 'stop', 'lyinggg', '.']"
28, respect your policies. refund your clients instead of offering vouchers    ,"[' ', 'respect', 'your', 'policies', '.', 'refund', 'your', 'clients', 'instead', 'of', 'offering', 'vouchers', '   ']","[' ', 'respect', 'policies', '.', 'refund', 'clients', 'instead', 'offering', 'vouchers', '   ']"
29," records 2,717 new  cases and 78 deaths, taking the total number of cases to 87,184 ","[' ', 'records', '2,717', 'new', ' ', 'cases', 'and', '78', 'deaths', ',', 'taking', 'the', 'total', 'number', 'of', 'cases', 'to', '87,184']","[' ', 'records', '2,717', 'new', ' ', 'cases', '78', 'deaths', ',', 'taking', 'total', 'number', 'cases', '87,184']"
30,police officers posted tiktok videos in uniform about the coronavirus ,"['police', 'officers', 'posted', 'tiktok', 'videos', 'in', 'uniform', 'about', 'the', '\xa0', 'coronavirus']","['police', 'officers', 'posted', 'tiktok', 'videos', 'uniform', 'the', '\xa0', 'coronavirus']"
31,analysis | trump’s incoherent defense of his coronavirus response   ,"['analysis', '|', 'trump', '’s', 'incoherent', 'defense', 'of', 'his', 'coronavirus', 'response', '  ']","['analysis', '|', 'trump', 'incoherent', 'defense', 'his', 'coronavirus', 'response', '  ']"
32,"(almost unbelievably, yesterday the  newspaper, , published a pro-cte—i.e. youth foot… ","['(', 'almost', 'unbelievably', ',', 'yesterday', 'the', ' ', 'newspaper', ',', ',', 'published', 'a', 'pro', '-', 'cte', '—', 'i.e.', 'youth', 'foot', '…']","['(', 'unbelievably', ',', 'yesterday', ' ', 'newspaper', ',', ',', 'published', 'pro', '-', 'cte', '—', 'i.e.', 'youth', 'foot', '…']"
33,trump falsely claims he’s ‘substantially below’ his coronavirus death projections – then tries to blame ‘blue state… ,"['trump', 'falsely', 'claims', 'he', '’s', '‘', 'substantially', 'below', '’', 'his', 'coronavirus', 'death', 'projections', '–', 'then', 'tries', 'to', 'blame', '‘', 'blue', 'state', '…']","['trump', 'falsely', 'claims', '’s', '‘', 'substantially', '’', 'coronavirus', 'death', 'projections', '–', 'tries', 'blame', '‘', 'blue', 'state', '…']"
34,we have resumed &amp; we are active!   ,"['we', 'have', 'resumed', '&', 'amp', ';', 'we', 'are', 'active', '!', '  ']","['have', 'resumed', '&', 'amp', ';', 'are', 'active', '!', '  ']"
35,wearing glasses may reduce the risk of contracting coronavirus.  cats and dogs wearing glasses is kinda trendy.… ,"['wearing', 'glasses', 'may', 'reduce', 'the', 'risk', 'of', 'contracting', 'coronavirus', '.', ' ', 'cats', 'and', 'dogs', 'wearing', 'glasses', 'is', 'kinda', 'trendy', '.', '…']","['wearing', 'glasses', 'reduce', 'risk', 'contracting', 'coronavirus', '.', ' ', 'cats', 'dogs', 'wearing', 'glasses', 'kinda', 'trendy', '.', '…']"
36,"one of our election campaign promises was “dou nahi, aik pakistan” i.e. one pakistan for rich &amp; poor alike. opposit… ","['one', 'of', 'our', 'election', 'campaign', 'promises', 'was', '“', 'dou', 'nahi', ',', 'aik', 'pakistan', '”', 'i.e.', 'one', 'pakistan', 'for', 'rich', '&', 'amp', ';', 'poor', 'alike', '.', 'opposit', '…']","['of', 'election', 'campaign', 'promises', '“', 'dou', 'nahi', ',', 'aik', 'pakistan', '”', 'i.e.', 'pakistan', 'rich', '&', 'amp', ';', 'poor', 'alike', '.', 'opposit', '…']"
37,in indonesia's java punishment for not wearing masks is digging graves for covid-19 victims. maybe we should do thi… ,"['in', 'indonesia', ""'s"", 'java', 'punishment', 'for', 'not', 'wearing', 'masks', 'is', 'digging', 'graves', 'for', 'covid-19', 'victims', '.', 'maybe', 'we', 'should', 'do', 'thi', '…']","['indonesia', 'java', 'punishment', 'not', 'wearing', 'masks', 'digging', 'graves', 'covid-19', 'victims', '.', 'maybe', 'should', 'thi', '…']"
38,the police should abandon everyone. let them fend for themselves and then you’re going to see how quickly they run… ,"['the', 'police', 'should', 'abandon', 'everyone', '.', 'let', 'them', 'fend', 'for', 'themselves', 'and', 'then', 'you', '’re', 'going', 'to', 'see', 'how', 'quickly', 'they', 'run', '…']","['police', 'abandon', '.', 'let', 'fend', 'themselves', 'then', '’re', 'going', 'see', 'quickly', 'run', '…']"
39,covid testing this week: mobile testing units are up and running this week (9/14-9/18! find a location near you an… ,"['covid', 'testing', 'this', 'week', ':', 'mobile', 'testing', 'units', 'are', 'up', 'and', 'running', 'this', 'week', '(', '9/14', '-', '9/18', '!', 'find', 'a', 'location', 'near', 'you', 'an', '…']","['covid', 'testing', 'week', ':', 'mobile', 'testing', 'units', 'up', 'running', 'week', '(', '9/14', '-', '9/18', '!', 'find', 'location', 'near', 'an', '…']"
40,"herd immunity regarding covid-19 which is a corona virus, just as the common cold is. if herd immunity worked, then… ","['herd', 'immunity', 'regarding', 'covid-19', 'which', 'is', 'a', 'corona', 'virus', ',', 'just', 'as', 'the', 'common', 'cold', 'is', '.', 'if', 'herd', 'immunity', 'worked', ',', 'then', '…']","['herd', 'immunity', 'covid-19', 'corona', 'virus', ',', 'as', 'common', 'cold', 'is', '.', 'herd', 'immunity', 'worked', ',', '…']"
41,"according to  ,till date, 56478 cases are confirmed, 44430 cases are of discharge, and 1088 cases of deaths… ","['according', 'to', ' ', ',', 'till', 'date', ',', '56478', 'cases', 'are', 'confirmed', ',', '44430', 'cases', 'are', 'of', 'discharge', ',', 'and', '1088', 'cases', 'of', 'deaths', '…']","['according', ' ', ',', 'till', 'date', ',', '56478', 'cases', 'confirmed', ',', '44430', 'cases', 'discharge', ',', '1088', 'cases', 'of', 'deaths', '…']"
42,sometimes i am concerned that watching and listening and summarizing all this dribble could have a serious long las… ,"['sometimes', 'i', 'am', 'concerned', 'that', 'watching', 'and', 'listening', 'and', 'summarizing', 'all', 'this', 'dribble', 'could', 'have', 'a', 'serious', 'long', 'las', '…']","['i', 'concerned', 'watching', 'listening', 'summarizing', 'this', 'dribble', 'have', 'serious', 'long', 'las', '…']"
43,"cdc director says masks are more effective against covid-19 than a vaccine. months earlier, he said the... ","['cdc', 'director', 'says', 'masks', 'are', 'more', 'effective', 'against', 'covid-19', 'than', 'a', 'vaccine', '.', 'months', 'earlier', ',', 'he', 'said', 'the', '...']","['cdc', 'director', 'says', 'masks', 'more', 'effective', 'covid-19', 'a', 'vaccine', '.', 'months', 'earlier', ',', 'said', '...']"
44,   does accuracy count?,"['   ', 'does', 'accuracy', 'count', '?']","['   ', 'accuracy', 'count', '?']"
45,trump says “herd mentality” will help covid-19 “disappear” ,"['trump', 'says', '“', 'herd', 'mentality', '”', 'will', 'help', 'covid-19', '\xa0', '“', 'disappear', '”']","['trump', 'says', '“', 'herd', 'mentality', '”', 'help', 'covid-19', '\xa0', '“', 'disappear', '”']"
46,« highest growth in the world» ,"['«', '\xa0', 'highest', 'growth', 'in', 'the', 'world', '»']","['«', '\xa0', 'highest', 'growth', 'the', 'world', '»']"
47," federal court rules state and county mandates for coronavirus are unconstitutional, therefore, no m… ","[' ', 'federal', 'court', 'rules', 'state', 'and', 'county', 'mandates', 'for', 'coronavirus', 'are', 'unconstitutional', ',', 'therefore', ',', 'no', 'm', '…']","[' ', 'federal', 'court', 'rules', 'state', 'county', 'mandates', 'coronavirus', 'unconstitutional', ',', ',', 'm', '…']"
48,who’s gonna tell him? ,"['who', '’s', 'gon', 'na', 'tell', 'him', '?']","['’s', 'gon', 'na', 'tell', '?']"
49,coronavirus testing centre shut down to make way for brexit lorry park ,"['coronavirus', 'testing', 'centre', 'shut', 'down', 'to', 'make', 'way', 'for', 'brexit', 'lorry', 'park']","['coronavirus', 'testing', 'centre', 'shut', 'to', 'way', 'brexit', 'lorry', 'park']"
50,excellent article ,"['excellent', 'article']","['excellent', 'article']"
51,"in the webinar hosted by ’s school of advanced international studies, jica senior vice pres.… ","['in', 'the', 'webinar', 'hosted', 'by', '’s', 'school', 'of', 'advanced', 'international', 'studies', ',', 'jica', 'senior', 'vice', 'pres', '.', '…']","['the', 'webinar', 'hosted', '’s', 'school', 'advanced', 'international', 'studies', ',', 'jica', 'senior', 'vice', 'pres', '.', '…']"
52,b.c. to a.d. (before coronavirus...after disease - register for free to attend  &amp; engage with an incr… ,"['b.c', '.', 'to', 'a.d', '.', '(', 'before', 'coronavirus', '...', 'after', 'disease', '-', 'register', 'for', 'free', 'to', 'attend', ' ', '&', 'amp', ';', 'engage', 'with', 'an', 'incr', '…']","['b.c', '.', 'a.d', '.', '(', 'coronavirus', '...', 'disease', '-', 'register', 'free', 'attend', ' ', '&', 'amp', ';', 'engage', 'an', 'incr', '…']"
53,can't wait!!! oh - io!! ,"['ca', ""n't"", 'wait', '!', '!', '!', 'oh', '-', 'io', '!', '!']","[""n't"", 'wait', '!', '!', '!', 'oh', '-', 'io', '!', '!']"
54,co-sign ,"['co', '-', 'sign']","['co', '-', 'sign']"
55,   there are hundreds of publications that testify to organ damage in… ,"['   ', 'there', 'are', 'hundreds', 'of', 'publications', 'that', 'testify', 'to', 'organ', 'damage', 'in', '…']","['   ', 'are', 'hundreds', 'publications', 'testify', 'organ', 'damage', '…']"
56,the the big cheese photo daily is out!  stories via   ,"['the', 'the', 'big', 'cheese', 'photo', 'daily', 'is', 'out', '!', ' ', 'stories', 'via', '  ']","['the', 'big', 'cheese', 'photo', 'daily', 'out', '!', ' ', 'stories', '  ']"
57, this is not true.  ,"[' ', 'this', 'is', 'not', 'true', '.', ' ']","[' ', 'is', 'true', '.', ' ']"
58,. yes very interesting.  behaviour was appalling yesterday. his shiny polish is wearing thin… ,"['.', 'yes', 'very', 'interesting', '.', ' ', 'behaviour', 'was', 'appalling', 'yesterday', '.', 'his', 'shiny', 'polish', 'is', 'wearing', 'thin', '…']","['.', 'yes', 'interesting', '.', ' ', 'behaviour', 'appalling', 'yesterday', '.', 'shiny', 'polish', 'wearing', 'thin', '…']"
59,"this editorial considers how canada can improve in the second covid-19 wave, but omits the key role of communicatio… ","['this', 'editorial', 'considers', 'how', 'canada', 'can', 'improve', 'in', 'the', 'second', 'covid-19', 'wave', ',', 'but', 'omits', 'the', 'key', 'role', 'of', 'communicatio', '…']","['editorial', 'considers', 'canada', 'improve', 'second', 'covid-19', 'wave', ',', 'omits', 'the', 'key', 'role', 'communicatio', '…']"
60,a must read to prepare for the next 18 months “america is trapped in a pandemic spiral“  ,"['a', 'must', 'read', 'to', 'prepare', 'for', 'the', 'next', '18', 'months', '“', 'america', 'is', 'trapped', 'in', 'a', 'pandemic', 'spiral', '“', ' ']","['must', 'read', 'prepare', 'the', '18', 'months', '“', 'america', 'trapped', 'a', 'pandemic', 'spiral', '“', ' ']"
61," ten changes course, will play fall football after allralph d. reports:  ","[' ', 'ten', 'changes', 'course', ',', 'will', 'play', 'fall', 'football', 'after', 'allralph', 'd.', 'reports', ':', ' ']","[' ', 'changes', 'course', ',', 'play', 'fall', 'football', 'allralph', 'd.', 'reports', ':', ' ']"
62,"nhs test and trace will email, phone or text if you’ve been in close contact with coronavirus.they will never:… ","['nhs', 'test', 'and', 'trace', 'will', 'email', ',', 'phone', 'or', 'text', 'if', 'you', '’ve', 'been', 'in', 'close', 'contact', 'with', 'coronavirus.they', 'will', 'never', ':', '…']","['nhs', 'test', 'trace', 'email', ',', 'phone', 'text', 'you', 'been', 'close', 'contact', 'coronavirus.they', 'never', ':', '…']"
63," ""in a crisis, you have to keep your focus on your guiding principles: your vision, mission &amp; values. co… ","[' ', '""', 'in', 'a', 'crisis', ',', 'you', 'have', 'to', 'keep', 'your', 'focus', 'on', 'your', 'guiding', 'principles', ':', 'your', 'vision', ',', 'mission', '&', 'amp', ';', 'values', '.', 'co', '…']","[' ', '""', 'a', 'crisis', ',', 'have', 'keep', 'focus', 'guiding', 'principles', ':', 'your', 'vision', ',', 'mission', '&', 'amp', ';', 'values', '.', 'co', '…']"
64,"the ""back the blue"" rally in cuyahoga falls is canceled after the organizer and host cited covid-19 concerns. ","['the', '""', 'back', 'the', 'blue', '""', 'rally', 'in', 'cuyahoga', 'falls', 'is', 'canceled', 'after', 'the', 'organizer', 'and', 'host', 'cited', 'covid-19', 'concerns', '.']","['""', 'the', 'blue', '""', 'rally', 'cuyahoga', 'falls', 'canceled', 'the', 'organizer', 'host', 'cited', 'covid-19', 'concerns', '.']"
65,"ok, im gonna try to get some help from my patriot friends. help me spread this far  and wide.  ","['ok', ',', 'i', 'm', 'gon', 'na', 'try', 'to', 'get', 'some', 'help', 'from', 'my', 'patriot', 'friends', '.', 'help', 'me', 'spread', 'this', 'far', ' ', 'and', 'wide', '.', ' ']","['ok', ',', 'm', 'gon', 'na', 'try', 'get', 'help', 'my', 'patriot', 'friends', '.', 'help', 'spread', 'far', ' ', 'wide', '.', ' ']"
66,oh snap  ,"['oh', 'snap', ' ']","['oh', 'snap', ' ']"
67, they are afraid of what she has to say about this virus.  ,"[' ', 'they', 'are', 'afraid', 'of', 'what', 'she', 'has', 'to', 'say', 'about', 'this', 'virus', '.', ' ']","[' ', 'are', 'afraid', 'what', 'has', 'say', 'this', 'virus', '.', ' ']"
68,"we worked with all the systems we could devise, and ascertained that there is no single system or plan remaining th… ","['we', 'worked', 'with', 'all', 'the', 'systems', 'we', 'could', 'devise', ',', 'and', 'ascertained', 'that', 'there', 'is', 'no', 'single', 'system', 'or', 'plan', 'remaining', 'th', '…']","['worked', 'all', 'systems', 'could', 'devise', ',', 'ascertained', 'there', 'no', 'single', 'system', 'plan', 'remaining', 'th', '…']"
69,thousands of north carolina residents incorrectly told they had coronavirus,"['thousands', 'of', 'north', 'carolina', 'residents', 'incorrectly', 'told', 'they', 'had', 'coronavirus']","['thousands', 'north', 'carolina', 'residents', 'incorrectly', 'told', 'had', 'coronavirus']"
70," i was confused when the usc statement sai ""according to the pac-12’s medical advisory committee, da… ","[' ', 'i', 'was', 'confused', 'when', 'the', 'usc', 'statement', 'sai', '""', 'according', 'to', 'the', 'pac-12', '’s', 'medical', 'advisory', 'committee', ',', 'da', '…']","[' ', 'was', 'confused', 'the', 'usc', 'statement', 'sai', '""', 'according', 'the', 'pac-12', 'medical', 'advisory', 'committee', ',', 'da', '…']"
71,one could only dream fuckface in chief gets sick ,"['one', 'could', 'only', 'dream', 'fuckface', 'in', 'chief', 'gets', 'sick']","['could', 'dream', 'fuckface', 'chief', 'gets', 'sick']"
72, with the  pandemic apocalyptic smokeandall the other  badthingstoda… ,"[' ', 'with', 'the', ' ', 'pandemic', 'apocalyptic', 'smokeandall', 'the', 'other', ' ', 'badthingstoda', '…']","[' ', ' ', 'pandemic', 'apocalyptic', 'smokeandall', 'the', 'other', ' ', 'badthingstoda', '…']"
73," ah, but the key difference in that study is that those who were  positive would not have been weari… ","[' ', 'ah', ',', 'but', 'the', 'key', 'difference', 'in', 'that', 'study', 'is', 'that', 'those', 'who', 'were', ' ', 'positive', 'would', 'not', 'have', 'been', 'weari', '…']","[' ', 'ah', ',', 'the', 'key', 'difference', 'that', 'study', 'that', 'who', ' ', 'positive', 'not', 'been', 'weari', '…']"
74,happy to share a fresh preprint on an overview of  in : insights from  and… ,"['happy', 'to', 'share', 'a', 'fresh', 'preprint', 'on', 'an', 'overview', 'of', ' ', 'in', ':', 'insights', 'from', ' ', 'and', '…']","['happy', 'share', 'fresh', 'preprint', 'an', 'overview', ' ', ':', 'insights', ' ', '…']"
75,"nearly two decades after 9/11, the parallels between the post-terrorist attack ‘new normal’ &amp; that of covid-19 can’… ","['nearly', 'two', 'decades', 'after', '9/11', ',', 'the', 'parallels', 'between', 'the', 'post', '-', 'terrorist', 'attack', '‘', 'new', 'normal', '’', '&', 'amp', ';', 'that', 'of', 'covid-19', 'can', '’', '…']","['nearly', 'decades', '9/11', ',', 'parallels', 'the', 'post', '-', 'terrorist', 'attack', '‘', 'new', 'normal', '’', '&', 'amp', ';', 'of', 'covid-19', '’', '…']"
76,n_landcouncil: rt :  a message here from our chief constable on the new  regulations that h… ,"['n_landcouncil', ':', 'rt', ':', ' ', 'a', 'message', 'here', 'from', 'our', 'chief', 'constable', 'on', 'the', 'new', ' ', 'regulations', 'that', 'h', '…']","['n_landcouncil', ':', 'rt', ':', ' ', 'message', 'from', 'chief', 'constable', 'the', 'new', ' ', 'regulations', 'h', '…']"
77,another one bites the dust because he didn’t share the views and opinions of the narrative and used his own logical… ,"['another', 'one', 'bites', 'the', 'dust', 'because', 'he', 'did', 'n’t', 'share', 'the', 'views', 'and', 'opinions', 'of', 'the', 'narrative', 'and', 'used', 'his', 'own', 'logical', '…']","['one', 'bites', 'dust', 'he', 'n’t', 'share', 'views', 'opinions', 'the', 'narrative', 'used', 'own', 'logical', '…']"
78,with only 14% to 16% of indians having health insurance &amp; indian government spending on health at roughly 1.13% of… ,"['with', 'only', '14', '%', 'to', '16', '%', 'of', 'indians', 'having', 'health', 'insurance', '&', 'amp', ';', 'indian', 'government', 'spending', 'on', 'health', 'at', 'roughly', '1.13', '%', 'of', '…']","['only', '14', '%', '16', '%', 'indians', 'having', 'health', 'insurance', '&', 'amp', ';', 'indian', 'government', 'spending', 'health', 'roughly', '1.13', '%', '…']"
79,      btw i'm using the same source as the video… ,"['      ', 'btw', 'i', ""'m"", 'using', 'the', 'same', 'source', 'as', 'the', 'video', '…']","['      ', 'btw', ""'m"", 'the', 'source', 'the', 'video', '…']"
80,so sick and tired of the career politicians on both sides playing with ppls lives ,"['so', 'sick', 'and', 'tired', 'of', 'the', 'career', 'politicians', 'on', 'both', 'sides', 'playing', 'with', 'ppls', 'lives']","['sick', 'tired', 'the', 'career', 'politicians', 'both', 'sides', 'playing', 'ppls', 'lives']"
81," the fake account  is still running since july, are you kidding me? why are you suspending… ","[' ', 'the', 'fake', 'account', ' ', 'is', 'still', 'running', 'since', 'july', ',', 'are', 'you', 'kidding', 'me', '?', 'why', 'are', 'you', 'suspending', '…']","[' ', 'fake', 'account', ' ', 'still', 'running', 'july', ',', 'kidding', '?', 'are', 'you', 'suspending', '…']"
82,  it’s usually shared in the media release later in the day ,"['  ', 'it', '’s', 'usually', 'shared', 'in', 'the', 'media', 'release', 'later', 'in', 'the', 'day']","['  ', '’s', 'usually', 'shared', 'the', 'media', 'release', 'later', 'the', 'day']"
83,?to do during covid‍ a pandemic picnic with a pup! keep calm and picnic on a people!!… ,"['?', 'to', 'do', 'during', 'covid\u200d', 'a', 'pandemic', 'picnic', 'with', 'a', 'pup', '!', 'keep', 'calm', 'and', 'picnic', 'on', 'a', 'people', '!', '!', '…']","['?', 'do', 'covid\u200d', 'pandemic', 'picnic', 'a', 'pup', '!', 'calm', 'picnic', 'a', 'people', '!', '!', '…']"
84,expert calls for daylight saving to be cancelled this year due to coronavirus risk &gt;&gt;  ,"['expert', 'calls', 'for', 'daylight', 'saving', 'to', 'be', 'cancelled', 'this', 'year', 'due', 'to', 'coronavirus', 'risk', '&', 'gt;&gt', ';', ' ']","['expert', 'calls', 'daylight', 'saving', 'be', 'cancelled', 'year', 'to', 'coronavirus', 'risk', '&', 'gt;&gt', ';', ' ']"
85, cloth masks do not stop microbes the size of the coronavirus. its a fact and implies a false security. plea… ,"[' ', 'cloth', 'masks', 'do', 'not', 'stop', 'microbes', 'the', 'size', 'of', 'the', 'coronavirus', '.', 'its', 'a', 'fact', 'and', 'implies', 'a', 'false', 'security', '.', 'plea', '…']","[' ', 'cloth', 'masks', 'not', 'stop', 'microbes', 'size', 'the', 'coronavirus', '.', 'fact', 'implies', 'a', 'false', 'security', '.', 'plea', '…']"
86,odd question - do you think someone would lie about having  to get out of dating you? context: person has… ,"['odd', 'question', '-', 'do', 'you', 'think', 'someone', 'would', 'lie', 'about', 'having', ' ', 'to', 'get', 'out', 'of', 'dating', 'you', '?', 'context', ':', 'person', 'has', '…']","['odd', 'question', '-', 'think', 'would', 'lie', 'having', ' ', 'get', 'of', 'dating', 'you', '?', 'context', ':', 'person', '…']"
87, of decolonizing wealth project on what we want to take into the new world.  post  we need… ,"[' ', 'of', 'decolonizing', 'wealth', 'project', 'on', 'what', 'we', 'want', 'to', 'take', 'into', 'the', 'new', 'world', '.', ' ', 'post', ' ', 'we', 'need', '…']","[' ', 'decolonizing', 'wealth', 'project', 'what', 'want', 'take', 'the', 'new', 'world', '.', ' ', 'post', ' ', 'need', '…']"
88,today school leaders and governors associations   &amp;  have written to the prime minister w… ,"['today', 'school', 'leaders', 'and', 'governors', 'associations', '  ', '&', 'amp', ';', ' ', 'have', 'written', 'to', 'the', 'prime', 'minister', 'w', '…']","['today', 'school', 'leaders', 'governors', 'associations', '  ', '&', 'amp', ';', ' ', 'written', 'the', 'prime', 'minister', 'w', '…']"
89,  check this out for transparency: case details on every single case. ,"['  ', 'check', 'this', 'out', 'for', 'transparency', ':', 'case', 'details', 'on', 'every', 'single', 'case', '.']","['  ', 'check', 'out', 'transparency', ':', 'case', 'details', 'every', 'single', 'case', '.']"
90,"local authorities order anti-maskers to dig graves for covid-19 victims in java, indonesia | bored panda ","['local', 'authorities', 'order', 'anti', '-', 'maskers', 'to', 'dig', 'graves', 'for', 'covid-19', 'victims', 'in', 'java', ',', 'indonesia', '|', 'bored', 'panda']","['local', 'authorities', 'order', 'anti', '-', 'maskers', 'dig', 'graves', 'covid-19', 'victims', 'java', ',', 'indonesia', '|', 'bored', 'panda']"
91,"36 vietnamese stowaways came from china, tested for coronavirus  ","['36', 'vietnamese', 'stowaways', 'came', 'from', 'china', ',', 'tested', 'for', 'coronavirus', ' ']","['36', 'vietnamese', 'stowaways', 'came', 'china', ',', 'tested', 'coronavirus', ' ']"
92,kinda disappointed she didn't keep the pet worm around for the rest of the interview. ,"['kinda', 'disappointed', 'she', 'did', ""n't"", 'keep', 'the', 'pet', 'worm', 'around', 'for', 'the', 'rest', 'of', 'the', 'interview', '.']","['kinda', 'disappointed', 'did', 'keep', 'pet', 'worm', 'for', 'rest', 'the', 'interview', '.']"
93,i won't respond to any of them in particular because it'd be rude but come onnobody is saying covid-19 or what's… ,"['i', 'wo', ""n't"", 'respond', 'to', 'any', 'of', 'them', 'in', 'particular', 'because', 'it', ""'d"", 'be', 'rude', 'but', 'come', 'onnobody', 'is', 'saying', 'covid-19', 'or', 'what', ""'s"", '…']","['wo', 'respond', 'any', 'them', 'particular', 'it', 'be', 'rude', 'come', 'onnobody', 'saying', 'covid-19', 'what', '…']"
94,bill gates slams ‘shocking’ u.s. response to covid-19 pandemic  via ,"['bill', 'gates', 'slams', '‘', 'shocking', '’', 'u.s', '.', 'response', 'to', 'covid-19', 'pandemic', ' ', 'via']","['bill', 'gates', 'slams', '‘', 'shocking', '’', 'u.s', '.', 'response', 'covid-19', 'pandemic', ' ']"
95,no it wont disappear.since b4 easter he has said it would disappear. its not going anywhere based on his shit res… ,"['no', 'it', 'wo', 'nt', 'disappear.since', 'b4', 'easter', 'he', 'has', 'said', 'it', 'would', 'disappear', '.', 'its', 'not', 'going', 'anywhere', 'based', 'on', 'his', 'shit', 'res', '…']","['wo', 'nt', 'disappear.since', 'b4', 'easter', 'has', 'said', 'it', 'would', 'disappear', '.', 'not', 'going', 'based', 'his', 'shit', 'res', '…']"
96,we are still experiencing 1000 covid-19 deaths per day. there is no defense for this or for  &amp; his… ,"['we', 'are', 'still', 'experiencing', '1000', 'covid-19', 'deaths', 'per', 'day', '.', 'there', 'is', 'no', 'defense', 'for', 'this', 'or', 'for', ' ', '&', 'amp', ';', 'his', '…']","['are', 'experiencing', '1000', 'covid-19', 'deaths', 'day', '.', 'is', 'defense', 'this', 'for', ' ', '&', 'amp', ';', '…']"
97,joker 2020: ,"['joker', '2020', ':']","['joker', '2020', ':']"
98,us unveils plan to provide free coronavirus vaccine ,"['us', 'unveils', 'plan', 'to', 'provide', 'free', 'coronavirus', 'vaccine']","['unveils', 'plan', 'provide', 'free', 'coronavirus', 'vaccine']"
99," from the article ""there are no approved vaccines for the coronavirus. three drugmakers are currently in la… ","[' ', 'from', 'the', 'article', '""', 'there', 'are', 'no', 'approved', 'vaccines', 'for', 'the', 'coronavirus', '.', 'three', 'drugmakers', 'are', 'currently', 'in', 'la', '…']","[' ', 'the', 'article', '""', 'approved', 'vaccines', 'the', 'coronavirus', '.', 'drugmakers', 'are', 'currently', 'la', '…']"
100,"i’m sick of coronavirus now, is anything ever going to be back to normal ????","['i', '’m', 'sick', 'of', 'coronavirus', 'now', ',', 'is', 'anything', 'ever', 'going', 'to', 'be', 'back', 'to', 'normal', '?', '?', '?', '?']","['’m', 'sick', 'coronavirus', ',', 'anything', 'going', 'be', 'to', 'normal', '?', '?', '?', '?']"
101,of course not ,"['of', 'course', 'not']",['course']
102,"for those bummed with covid-19 publishing woes, there's plenty mystery, crime books out. sharon saye has details in… ","['for', 'those', 'bummed', 'with', 'covid-19', 'publishing', 'woes', ',', 'there', ""'s"", 'plenty', 'mystery', ',', 'crime', 'books', 'out', '.', 'sharon', 'saye', 'has', 'details', 'in', '…']","['those', 'bummed', 'covid-19', 'publishing', 'woes', ',', ""'s"", 'plenty', 'mystery', ',', 'crime', 'books', '.', 'sharon', 'saye', 'details', '…']"
103, 1. her mother had cancer not  2. she asked you about immigration!!!!  ,"[' ', '1', '.', 'her', 'mother', 'had', 'cancer', 'not', ' ', '2', '.', 'she', 'asked', 'you', 'about', 'immigration', '!', '!', '!', '!', ' ']","[' ', '1', '.', 'mother', 'cancer', ' ', '2', '.', 'asked', 'about', 'immigration', '!', '!', '!', '!', ' ']"
104,is this just a made up number to sound safe?  lol ,"['is', 'this', 'just', 'a', 'made', 'up', 'number', 'to', 'sound', 'safe', '?', ' ', 'lol']","['this', 'a', 'up', 'number', 'sound', 'safe', '?', ' ', 'lol']"
105,   enjoy this,"['   ', 'enjoy', 'this']","['   ', 'enjoy']"
106,if you are an early bird why not catch me on  breakfast business tomorrow morning between 060 and 07:0… ,"['if', 'you', 'are', 'an', 'early', 'bird', 'why', 'not', 'catch', 'me', 'on', ' ', 'breakfast', 'business', 'tomorrow', 'morning', 'between', '060', 'and', '07:0', '…']","['you', 'an', 'early', 'bird', 'not', 'catch', 'on', ' ', 'breakfast', 'business', 'tomorrow', 'morning', '060', '07:0', '…']"
107,covid-19 and the impact on residential landlords and tenants -19  law  … ,"['covid-19', 'and', 'the', 'impact', 'on', 'residential', 'landlords', 'and', 'tenants', '-19', ' ', 'law', ' ', '…']","['covid-19', 'the', 'impact', 'residential', 'landlords', 'tenants', '-19', ' ', 'law', ' ', '…']"
108,  the us surgeon general wants me to wear a mask to prevent coronavirus.but i’m waiting to he… ,"['  ', 'the', 'us', 'surgeon', 'general', 'wants', 'me', 'to', 'wear', 'a', 'mask', 'to', 'prevent', 'coronavirus.but', 'i', '’m', 'waiting', 'to', 'he', '…']","['  ', 'us', 'surgeon', 'general', 'wants', 'wear', 'mask', 'prevent', 'coronavirus.but', '’m', 'waiting', 'to', 'he', '…']"
109,must watch: michael caputo’s covid-19 conspiracy theory video is frightening  via ,"['must', 'watch', ':', 'michael', 'caputo', '’s', 'covid-19', 'conspiracy', 'theory', 'video', 'is', 'frightening', ' ', 'via']","['watch', ':', 'michael', 'caputo', 'covid-19', 'conspiracy', 'theory', 'video', 'frightening', ' ']"
110,i've signed the petition for the government to fix the problems in england's  testing system. will you… ,"['i', ""'ve"", 'signed', 'the', 'petition', 'for', 'the', 'government', 'to', 'fix', 'the', 'problems', 'in', 'england', ""'s"", ' ', 'testing', 'system', '.', 'will', 'you', '…']","[""'ve"", 'signed', 'petition', 'government', 'fix', 'the', 'problems', 'england', ' ', 'testing', 'system', '.', 'you', '…']"
111,i'm sick of fred flinstone ,"['i', ""'m"", 'sick', 'of', 'fred', 'flinstone']","[""'m"", 'sick', 'fred', 'flinstone']"
112,alert: how u.s.’s response to covid-19 could precipitate 2nd greatdepression - global pandemic news | … ,"['alert', ':', 'how', 'u.s', '.', '’s', 'response', 'to', 'covid-19', 'could', 'precipitate', '2nd', 'greatdepression', '-', 'global', 'pandemic', 'news', '|', '…']","['alert', ':', 'u.s', '.', 'response', 'covid-19', 'precipitate', '2nd', 'greatdepression', '-', 'global', 'pandemic', 'news', '|', '…']"
113, sign “investigate forced hysterectomies in ice detention centers” and i’ll deliver a copy to your officials:… ,"[' ', 'sign', '“', 'investigate', 'forced', 'hysterectomies', 'in', 'ice', 'detention', 'centers', '”', 'and', 'i', '’ll', 'deliver', 'a', 'copy', 'to', 'your', 'officials', ':', '…']","[' ', 'sign', '“', 'investigate', 'forced', 'hysterectomies', 'ice', 'detention', 'centers', '”', 'i', 'deliver', 'copy', 'your', 'officials', ':', '…']"
114,dr. fauci just gave us the worst possible news about the coronavirus pandemic,"['dr', '.', 'fauci', 'just', 'gave', 'us', 'the', 'worst', 'possible', 'news', 'about', 'the', 'coronavirus', 'pandemic']","['dr', '.', 'fauci', 'gave', 'the', 'worst', 'possible', 'news', 'the', 'coronavirus', 'pandemic']"
115,giraffe has a free tier! this no-cost option includes… full product + slack integration for up to 20 users in… ,"['giraffe', 'has', 'a', 'free', 'tier', '!', 'this', 'no', '-', 'cost', 'option', 'includes', '…', 'full', 'product', '+', 'slack', 'integration', 'for', 'up', 'to', '20', 'users', 'in', '…']","['giraffe', 'a', 'free', 'tier', '!', 'no', '-', 'cost', 'option', 'includes', '…', 'product', '+', 'slack', 'integration', 'up', '20', 'users', '…']"
116,the core message must remain the same wash your hands keep social distance cough etiquette keep your hands from you… ,"['the', 'core', 'message', 'must', 'remain', 'the', 'same', 'wash', 'your', 'hands', 'keep', 'social', 'distance', 'cough', 'etiquette', 'keep', 'your', 'hands', 'from', 'you', '…']","['core', 'message', 'remain', 'same', 'wash', 'hands', 'social', 'distance', 'cough', 'etiquette', 'your', 'hands', 'you', '…']"
117,"76 days focuses on personal stories from  instead of taking an investigative route, following patients and st… ","['76', 'days', 'focuses', 'on', 'personal', 'stories', 'from', ' ', 'instead', 'of', 'taking', 'an', 'investigative', 'route', ',', 'following', 'patients', 'and', 'st', '…']","['76', 'days', 'focuses', 'personal', 'stories', ' ', 'instead', 'taking', 'investigative', 'route', ',', 'following', 'patients', 'st', '…']"
118, mco may have to be reimposed if covid-19 cases rise sharply -muhyiddin‒ thesundaily,"[' ', 'mco', 'may', 'have', 'to', 'be', 'reimposed', 'if', 'covid-19', 'cases', 'rise', 'sharply', '-muhyiddin‒', 'thesundaily']","[' ', 'mco', 'have', 'be', 'reimposed', 'covid-19', 'cases', 'rise', 'sharply', '-muhyiddin‒', 'thesundaily']"
119,we need the daily meetings at 5 back again.      ,"['we', 'need', 'the', 'daily', 'meetings', 'at', '5', 'back', 'again', '.', '     ']","['need', 'daily', 'meetings', '5', 'again', '.', '     ']"
120, everyone should be talking about dr. li-meng yan and her assertion that the ccp made and released covi… ,"[' ', 'everyone', 'should', 'be', 'talking', 'about', 'dr', '.', 'li', '-', 'meng', 'yan', 'and', 'her', 'assertion', 'that', 'the', 'ccp', 'made', 'and', 'released', 'covi', '…']","[' ', 'should', 'talking', 'dr', '.', 'li', '-', 'meng', 'yan', 'her', 'assertion', 'the', 'ccp', 'and', 'released', 'covi', '…']"
121,useful message in a book shelf when one reads the titles from top left to bottom right in that order. … ,"['useful', 'message', 'in', 'a', 'book', 'shelf', 'when', 'one', 'reads', 'the', 'titles', 'from', 'top', 'left', 'to', 'bottom', 'right', 'in', 'that', 'order', '.', '…']","['useful', 'message', 'a', 'book', 'shelf', 'one', 'reads', 'titles', 'top', 'left', 'bottom', 'right', 'that', 'order', '.', '…']"
122,    5 the biden plan would also double down on the effo… ,"['    ', '5', 'the', 'biden', 'plan', 'would', 'also', 'double', 'down', 'on', 'the', 'effo', '…']","['    ', '5', 'biden', 'plan', 'also', 'double', 'on', 'effo', '…']"
123,"this is terribly heartbreaking. and it should never be necessary to research. yet, here we are. ","['this', 'is', 'terribly', 'heartbreaking', '.', 'and', 'it', 'should', 'never', 'be', 'necessary', 'to', 'research', '.', 'yet', ',', 'here', 'we', 'are', '.']","['is', 'terribly', 'heartbreaking', '.', 'it', 'never', 'necessary', 'research', '.', ',', 'we', '.']"
124,one in 10 covid-19 patients return to hospital after being sent home from er: us study ,"['one', 'in', '10', 'covid-19', 'patients', 'return', 'to', 'hospital', 'after', 'being', 'sent', 'home', 'from', 'er', ':', 'us', '\xa0', 'study']","['in', '10', 'covid-19', 'patients', 'return', 'hospital', 'being', 'sent', 'home', 'er', ':', '\xa0', 'study']"
125,"uh... might as well cancel your football season, lsu. ","['uh', '...', 'might', 'as', 'well', 'cancel', 'your', 'football', 'season', ',', 'lsu', '.']","['uh', '...', 'as', 'cancel', 'football', 'season', ',', 'lsu', '.']"
126, chinese virologist dr. li-meng yan states that covid-19 is not a natural virus and that it was create… ,"[' ', 'chinese', 'virologist', 'dr', '.', 'li', '-', 'meng', 'yan', 'states', 'that', 'covid-19', 'is', 'not', 'a', 'natural', 'virus', 'and', 'that', 'it', 'was', 'create', '…']","[' ', 'chinese', 'virologist', 'dr', '.', 'li', '-', 'meng', 'yan', 'states', 'covid-19', 'not', 'natural', 'virus', 'that', 'was', 'create', '…']"
127,news from  should you adjust pay for remote employees?: covid-19 has catapulted remote work into the center… ,"['news', 'from', ' ', 'should', 'you', 'adjust', 'pay', 'for', 'remote', 'employees', '?', ':', 'covid-19', 'has', 'catapulted', 'remote', 'work', 'into', 'the', 'center', '…']","['news', ' ', 'you', 'adjust', 'pay', 'remote', 'employees', '?', ':', 'covid-19', 'catapulted', 'remote', 'work', 'the', 'center', '…']"
128,"wow, imagine how many hospitalizations and deaths will be traced to the indoor hate rallies  held l… ","['wow', ',', 'imagine', 'how', 'many', 'hospitalizations', 'and', 'deaths', 'will', 'be', 'traced', 'to', 'the', 'indoor', 'hate', 'rallies', ' ', 'held', 'l', '…']","['wow', ',', 'imagine', 'many', 'hospitalizations', 'deaths', 'be', 'traced', 'the', 'indoor', 'hate', 'rallies', ' ', 'held', 'l', '…']"
129,"despite government interventions, a bbc freedom of information request has revealed that over 300,000 redundancies… ","['despite', 'government', 'interventions', ',', 'a', 'bbc', 'freedom', 'of', 'information', 'request', 'has', 'revealed', 'that', 'over', '300,000', 'redundancies', '…']","['despite', 'government', 'interventions', ',', 'bbc', 'freedom', 'information', 'request', 'revealed', 'over', '300,000', 'redundancies', '…']"
130," in this opinion piece, prof anthony costello lists the issues which led to the failure of england’s test, track… ","[' ', 'in', 'this', 'opinion', 'piece', ',', 'prof', 'anthony', 'costello', 'lists', 'the', 'issues', 'which', 'led', 'to', 'the', 'failure', 'of', 'england', '’s', 'test', ',', 'track', '…']","[' ', 'this', 'opinion', 'piece', ',', 'prof', 'anthony', 'costello', 'lists', 'issues', 'led', 'the', 'failure', 'england', 'test', ',', 'track', '…']"
131,    you're just so far away from even scratching the surface.are you… ,"['    ', 'you', ""'re"", 'just', 'so', 'far', 'away', 'from', 'even', 'scratching', 'the', 'surface.are', 'you', '…']","['    ', ""'re"", 'so', 'far', 'away', 'even', 'scratching', 'surface.are', '…']"
132,damn jh made it on narcity ,"['damn', 'jh', 'made', 'it', 'on', 'narcity']","['damn', 'jh', 'it', 'narcity']"
133,"authorities report 312 new coronavirus infections, three deaths ","['authorities', 'report', '312', 'new', 'coronavirus', 'infections', ',', 'three', 'deaths']","['authorities', 'report', '312', 'new', 'coronavirus', 'infections', ',', 'deaths']"
134,"a court case challenging daniel andrews’ curfew laws needs to be heard as a matter of urgency, a supreme court judg… ","['a', 'court', 'case', 'challenging', 'daniel', 'andrews', '’', 'curfew', 'laws', 'needs', 'to', 'be', 'heard', 'as', 'a', 'matter', 'of', 'urgency', ',', 'a', 'supreme', 'court', 'judg', '…']","['court', 'case', 'challenging', 'daniel', 'andrews', '’', 'curfew', 'laws', 'needs', 'be', 'heard', 'matter', 'urgency', ',', 'a', 'supreme', 'court', 'judg', '…']"
135,"""i take no responsibility!""  ","['""', 'i', 'take', 'no', 'responsibility', '!', '""', ' ']","['""', 'take', 'responsibility', '!', '""', ' ']"
136,niedermeyer said he’s told older guys ”it’s about doing the right things” and that they’ve done a great job handling covid-19 protocols.,"['niedermeyer', 'said', 'he', '’s', 'told', 'older', 'guys', '”', 'it', '’s', 'about', 'doing', 'the', 'right', 'things', '”', 'and', 'that', 'they', '’ve', 'done', 'a', 'great', 'job', 'handling', 'covid-19', 'protocols', '.']","['niedermeyer', 'said', '’s', 'told', 'older', 'guys', '”', '’s', 'doing', 'right', 'things', '”', 'that', '’ve', 'a', 'great', 'job', 'handling', 'covid-19', 'protocols', '.']"
137, 3rd quarter 2021 ,"[' ', '3rd', 'quarter', '2021']","[' ', '3rd', 'quarter', '2021']"
138,this makes a lot of sense if you believe in science and proper vaccination testing protocols. so what's the over/un… ,"['this', 'makes', 'a', 'lot', 'of', 'sense', 'if', 'you', 'believe', 'in', 'science', 'and', 'proper', 'vaccination', 'testing', 'protocols', '.', 'so', 'what', ""'s"", 'the', 'over', '/', 'un', '…']","['makes', 'lot', 'sense', 'you', 'believe', 'science', 'proper', 'vaccination', 'testing', 'protocols', '.', 'what', 'the', '/', 'un', '…']"
139,    considering our prior success with developing coronavirus vaccines i am… ,"['    ', 'considering', 'our', 'prior', 'success', 'with', 'developing', 'coronavirus', 'vaccines', 'i', 'am', '…']","['    ', 'considering', 'prior', 'success', 'developing', 'coronavirus', 'vaccines', 'am', '…']"
140, is returning tomorrow! join us and others on the 17th september at 12:00 - 13:00 bst for 'the… ,"[' ', 'is', 'returning', 'tomorrow', '!', 'join', 'us', 'and', 'others', 'on', 'the', '17th', 'september', 'at', '12:00', '-', '13:00', 'bst', 'for', ""'"", 'the', '…']","[' ', 'returning', 'tomorrow', '!', 'join', 'and', 'on', '17th', 'september', '12:00', '-', '13:00', 'bst', ""'"", '…']"
141,"from hospital workers to video editors and everyone in between during a global pandemic, how are people feeling rig… ","['from', 'hospital', 'workers', 'to', 'video', 'editors', 'and', 'everyone', 'in', 'between', 'during', 'a', 'global', 'pandemic', ',', 'how', 'are', 'people', 'feeling', 'rig', '…']","['hospital', 'workers', 'video', 'editors', 'everyone', 'between', 'a', 'global', 'pandemic', ',', 'are', 'people', 'feeling', 'rig', '…']"
142,nyc restaurants will soon be allowed to add up to 10 percent surcharge to diners’ bills ,"['nyc', 'restaurants', 'will', 'soon', 'be', 'allowed', 'to', 'add', 'up', 'to', '10', 'percent', 'surcharge', 'to', 'diners', '’', 'bills']","['nyc', 'restaurants', 'soon', 'allowed', 'add', '10', 'percent', 'surcharge', 'to', 'diners', '’', 'bills']"
143,live: top health officials testify before senate committee on covid-19 response — 9/16/2020,"['live', ':', 'top', 'health', 'officials', 'testify', 'before', 'senate', 'committee', 'on', 'covid-19', 'response', '—', '9/16/2020']","['live', ':', 'health', 'officials', 'testify', 'senate', 'committee', 'covid-19', 'response', '—', '9/16/2020']"
144,u.s. outlines sweeping plan to provide free covid-19 vaccines ,"['u.s', '.', 'outlines', 'sweeping', 'plan', 'to', 'provide', 'free', 'covid-19', 'vaccines']","['u.s', '.', 'outlines', 'sweeping', 'plan', 'provide', 'free', 'covid-19', 'vaccines']"
145,5 million positive cumulative cases in india as of today. of these 1 million are active cases.   ,"['5', 'million', 'positive', 'cumulative', 'cases', 'in', 'india', 'as', 'of', 'today', '.', 'of', 'these', '1', 'million', 'are', 'active', 'cases', '.', '  ']","['5', 'million', 'positive', 'cumulative', 'cases', 'india', 'today', '.', 'of', 'these', '1', 'million', 'active', 'cases', '.', '  ']"
146,"migrant deaths government won’t see  - not fit to rule this country. they must be booted out, unceremoniously.","['migrant', 'deaths', 'government', 'wo', 'n’t', 'see', ' ', '-', 'not', 'fit', 'to', 'rule', 'this', 'country', '.', 'they', 'must', 'be', 'booted', 'out', ',', 'unceremoniously', '.']","['migrant', 'deaths', 'government', 'wo', 'see', ' ', '-', 'fit', 'rule', 'country', '.', 'must', 'booted', ',', 'unceremoniously', '.']"
147,india covid-19 tally crosses 50 lakh as virus spreads at record pace : india… ,"['india', 'covid-19', 'tally', 'crosses', '50', 'lakh', 'as', 'virus', 'spreads', 'at', 'record', 'pace', ':', 'india', '…']","['india', 'covid-19', 'tally', 'crosses', '50', 'lakh', 'virus', 'spreads', 'record', 'pace', ':', 'india', '…']"
148,keep an eye out for  own qi hub pinterest boards filled with resources &amp; information to help you start… ,"['keep', 'an', 'eye', 'out', 'for', ' ', 'own', 'qi', 'hub', 'pinterest', 'boards', 'filled', 'with', 'resources', '&', 'amp', ';', 'information', 'to', 'help', 'you', 'start', '…']","['an', 'eye', 'for', ' ', 'qi', 'hub', 'pinterest', 'boards', 'filled', 'resources', '&', 'amp', ';', 'information', 'help', 'start', '…']"
149,concordia is thrilled to announce  as a sponsor for the annual summit! mebo international is a biot… ,"['concordia', 'is', 'thrilled', 'to', 'announce', ' ', 'as', 'a', 'sponsor', 'for', 'the', 'annual', 'summit', '!', 'mebo', 'international', 'is', 'a', 'biot', '…']","['concordia', 'thrilled', 'announce', ' ', 'a', 'sponsor', 'the', 'annual', 'summit', '!', 'mebo', 'international', 'a', 'biot', '…']"
150," 200,000 killed by coronavirus, 6.7 million infected, 42 million unemployed-tells woodward he knows co… ","[' ', '200,000', 'killed', 'by', 'coronavirus', ',', '6.7', 'million', 'infected', ',', '42', 'million', 'unemployed', '-', 'tells', 'woodward', 'he', 'knows', 'co', '…']","[' ', '200,000', 'killed', 'coronavirus', ',', '6.7', 'million', 'infected', ',', '42', 'million', 'unemployed', '-', 'tells', 'woodward', 'knows', 'co', '…']"
151,"after his covid-19 briefing w/experts,  responded in depth about biological differences of ongoing vaccine… ","['after', 'his', 'covid-19', 'briefing', 'w', '/', 'experts', ',', ' ', 'responded', 'in', 'depth', 'about', 'biological', 'differences', 'of', 'ongoing', 'vaccine', '…']","['his', 'covid-19', 'briefing', 'w', '/', 'experts', ',', ' ', 'responded', 'depth', 'biological', 'differences', 'ongoing', 'vaccine', '…']"
152,"there are 650 seats, get rid of 325 of them,preferably 325 tory ones!they have handled coronavirus shockingly!te… ","['there', 'are', '650', 'seats', ',', 'get', 'rid', 'of', '325', 'of', 'them', ',', 'preferably', '325', 'tory', 'ones!they', 'have', 'handled', 'coronavirus', 'shockingly!te', '…']","['are', '650', 'seats', ',', 'rid', '325', 'them', ',', 'preferably', '325', 'tory', 'ones!they', 'handled', 'coronavirus', 'shockingly!te', '…']"
153, posted... ,"[' ', 'posted', '...']","[' ', 'posted', '...']"
154,"48 days until the election.  ""trump attacks biden on coronavirus mask mandates. but bi… ","['48', 'days', 'until', 'the', 'election', '.', ' ', '""', 'trump', 'attacks', 'biden', 'on', 'coronavirus', 'mask', 'mandates', '.', 'but', 'bi', '…']","['48', 'days', 'the', 'election', '.', ' ', '""', 'trump', 'attacks', 'biden', 'coronavirus', 'mask', 'mandates', '.', 'bi', '…']"
155,   has to do with whether it is a single or double strand virus.nooooo. … ,"['   ', 'has', 'to', 'do', 'with', 'whether', 'it', 'is', 'a', 'single', 'or', 'double', 'strand', 'virus.nooooo', '.', '…']","['   ', 'to', 'with', 'it', 'a', 'single', 'double', 'strand', 'virus.nooooo', '.', '…']"
156,this guy talking about public safety after his handling of covid19 &amp; brexit ,"['this', 'guy', 'talking', 'about', 'public', 'safety', 'after', 'his', 'handling', 'of', 'covid19', '&', 'amp', ';', 'brexit']","['guy', 'talking', 'public', 'safety', 'his', 'handling', 'covid19', '&', 'amp', ';', 'brexit']"
157,"""our record on saving lives has been solid,""   director  tells joint house-senate committ… ","['""', 'our', 'record', 'on', 'saving', 'lives', 'has', 'been', 'solid', ',', '""', '  ', 'director', ' ', 'tells', 'joint', 'house', '-', 'senate', 'committ', '…']","['""', 'record', 'saving', 'lives', 'been', 'solid', ',', '""', '  ', 'director', ' ', 'tells', 'joint', 'house', '-', 'senate', 'committ', '…']"
158," justin the covid-19 it's going to take a lot time to eliminate this disease, maybe years. what is th… ","[' ', 'justin', 'the', 'covid-19', 'it', ""'s"", 'going', 'to', 'take', 'a', 'lot', 'time', 'to', 'eliminate', 'this', 'disease', ',', 'maybe', 'years', '.', 'what', 'is', 'th', '…']","[' ', 'justin', 'covid-19', ""'s"", 'going', 'take', 'lot', 'time', 'eliminate', 'disease', ',', 'maybe', 'years', '.', 'is', 'th', '…']"
159,he is very good. ,"['he', 'is', 'very', 'good', '.']","['is', 'good', '.']"
160,me too. six months in last saturday. ,"['me', 'too', '.', 'six', 'months', 'in', 'last', 'saturday', '.']","['too', '.', 'months', 'last', 'saturday', '.']"
161,crutech project topics and materialsget complete project chapter 1-5 at  ,"['crutech', 'project', 'topics', 'and', 'materialsget', 'complete', 'project', 'chapter', '1', '-', '5', 'at', ' ']","['crutech', 'project', 'topics', 'materialsget', 'complete', 'project', 'chapter', '1', '-', '5', ' ']"
162,"pain suffering in the time of coronathe dea curtails rx opioid supplies, torturing untreated pain pts. it also im… ","['pain', 'suffering', 'in', 'the', 'time', 'of', 'coronathe', 'dea', 'curtails', 'rx', 'opioid', 'supplies', ',', 'torturing', 'untreated', 'pain', 'pts', '.', 'it', 'also', 'i', 'm', '…']","['pain', 'suffering', 'the', 'time', 'coronathe', 'dea', 'curtails', 'rx', 'opioid', 'supplies', ',', 'torturing', 'untreated', 'pain', 'pts', '.', 'also', 'm', '…']"
163, tonight is explaining how trump and the radiologist that stanford is disavowing who is now leading our… ,"[' ', 'tonight', 'is', 'explaining', 'how', 'trump', 'and', 'the', 'radiologist', 'that', 'stanford', 'is', 'disavowing', 'who', 'is', 'now', 'leading', 'our', '…']","[' ', 'tonight', 'explaining', 'trump', 'the', 'radiologist', 'stanford', 'disavowing', 'is', 'leading', '…']"
164,first china an now spouse doing pakistan .. agent ? ,"['first', 'china', 'an', 'now', 'spouse', 'doing', 'pakistan', '..', 'agent', '?']","['china', 'now', 'spouse', 'pakistan', '..', 'agent', '?']"
165," new podcast! ""434: all about that base (with evan bazel"" on       ","[' ', 'new', 'podcast', '!', '""', '434', ':', 'all', 'about', 'that', 'base', '(', 'with', 'evan', 'bazel', '""', 'on', '      ']","[' ', 'new', 'podcast', '!', '""', '434', ':', 'about', 'base', '(', 'evan', 'bazel', '""', '      ']"
166,cps staff should all work remotely &amp; go to the building only when it's urgently necessary!!!! ‍‍follow the… ,"['cps', 'staff', 'should', 'all', 'work', 'remotely', '&', 'amp', ';', 'go', 'to', 'the', 'building', 'only', 'when', 'it', ""'s"", 'urgently', 'necessary', '!', '!', '!', '!', '\u200d\u200dfollow', 'the', '…']","['cps', 'staff', 'all', 'work', 'remotely', '&', 'amp', ';', 'to', 'building', 'when', ""'s"", 'urgently', 'necessary', '!', '!', '!', '!', '\u200d\u200dfollow', '…']"
167,"my last email for the day b ought on a huge smile. happy, excited and proud that krishna sudheendra is in the top 2… ","['my', 'last', 'email', 'for', 'the', 'day', 'b', 'ought', 'on', 'a', 'huge', 'smile', '.', 'happy', ',', 'excited', 'and', 'proud', 'that', 'krishna', 'sudheendra', 'is', 'in', 'the', 'top', '2', '…']","['last', 'email', 'day', 'b', 'ought', 'a', 'huge', 'smile', '.', 'happy', ',', 'excited', 'proud', 'krishna', 'sudheendra', 'in', 'the', 'top', '2', '…']"
168,speaking out in australia. when will someone in our government tell us the truth? ,"['speaking', 'out', 'in', 'australia', '.', 'when', 'will', 'someone', 'in', 'our', 'government', 'tell', 'us', 'the', 'truth', '?']","['speaking', 'in', 'australia', '.', 'will', 'in', 'government', 'tell', 'the', 'truth', '?']"
169,bbc news - coronavirus: trump denies downplaying severity of virus ,"['bbc', 'news', '-', 'coronavirus', ':', 'trump', 'denies', 'downplaying', 'severity', 'of', 'virus']","['bbc', 'news', '-', 'coronavirus', ':', 'trump', 'denies', 'downplaying', 'severity', 'virus']"
170,trump touts herd immunity approach to covid-19 that experts warn would kill millions: ‘he’s describing a massacre’… ,"['trump', 'touts', 'herd', 'immunity', 'approach', 'to', 'covid-19', 'that', 'experts', 'warn', 'would', 'kill', 'millions', ':', '‘', 'he', '’s', 'describing', 'a', 'massacre', '’', '…']","['trump', 'touts', 'herd', 'immunity', 'approach', 'covid-19', 'experts', 'warn', 'kill', 'millions', ':', '‘', '’s', 'describing', 'massacre', '’', '…']"
171,ed ojeron says lsu’s ‘most’ players have contracted coronavirus ,"['ed', 'ojeron', 'says', 'lsu', '’s', '‘', 'most', '’', 'players', 'have', 'contracted', '\xa0', 'coronavirus']","['ed', 'ojeron', 'says', 'lsu', '‘', '’', 'players', 'contracted', '\xa0', 'coronavirus']"
172,it’s not us.  ,"['it', '’s', 'not', 'us', '.', ' ']","['’s', 'us', '.', ' ']"
173,community association board meetings during the time of covid-19 | vandeventer black llp -  ,"['community', 'association', 'board', 'meetings', 'during', 'the', 'time', 'of', 'covid-19', '|', 'vandeventer', 'black', 'llp', '-', ' ']","['community', 'association', 'board', 'meetings', 'the', 'time', 'covid-19', '|', 'vandeventer', 'black', 'llp', '-', ' ']"
174,why a negative test doesn’t guarantee you don’t have the coronavirus  via ,"['why', 'a', 'negative', 'test', 'does', 'n’t', 'guarantee', 'you', 'do', 'n’t', 'have', 'the', 'coronavirus', ' ', 'via']","['a', 'negative', 'test', 'guarantee', 'do', 'n’t', 'have', 'coronavirus', ' ']"
175," the “i alone can fix it” guy has provided america with 200,000 deaths due to his failed response to cor… ","[' ', 'the', '“', 'i', 'alone', 'can', 'fix', 'it', '”', 'guy', 'has', 'provided', 'america', 'with', '200,000', 'deaths', 'due', 'to', 'his', 'failed', 'response', 'to', 'cor', '…']","[' ', '“', 'alone', 'fix', '”', 'guy', 'provided', 'america', '200,000', 'deaths', 'failed', 'response', 'to', 'cor', '…']"
176,third staff member tests positive for coronavirus at bournemouth wetherspoon pub ,"['third', 'staff', 'member', 'tests', 'positive', 'for', 'coronavirus', 'at', 'bournemouth', 'wetherspoon', 'pub']","['staff', 'member', 'tests', 'positive', 'coronavirus', 'bournemouth', 'wetherspoon', 'pub']"
177,follow the disclaimers.  ,"['follow', 'the', 'disclaimers', '.', ' ']","['follow', 'disclaimers', '.', ' ']"
178,all that horrible wildfire smoke could be making people more vulnerable to covid-19  via ,"['all', 'that', 'horrible', 'wildfire', 'smoke', 'could', 'be', 'making', 'people', 'more', 'vulnerable', 'to', 'covid-19', ' ', 'via']","['that', 'horrible', 'wildfire', 'smoke', 'be', 'making', 'people', 'vulnerable', 'covid-19', ' ']"
179,".,  and  have put together key advice on sighted guiding during the  pandemic. re… ","['.', ',', ' ', 'and', ' ', 'have', 'put', 'together', 'key', 'advice', 'on', 'sighted', 'guiding', 'during', 'the', ' ', 'pandemic', '.', 're', '…']","['.', ',', ' ', ' ', 'put', 'key', 'advice', 'sighted', 'guiding', 'the', ' ', 'pandemic', '.', '…']"
180,shocking!! ,"['shocking', '!', '!']","['shocking', '!', '!']"
181,logical result to 'if we tested less we'd have fewer cases' is: ,"['logical', 'result', 'to', ""'"", 'if', 'we', 'tested', 'less', 'we', ""'d"", 'have', 'fewer', 'cases', ""'"", 'is', ':']","['logical', 'result', ""'"", 'we', 'tested', 'we', 'have', 'fewer', 'cases', ""'"", ':']"
182,trump confirms white house staff member tested positive for covid-19 ,"['trump', 'confirms', 'white', 'house', 'staff', 'member', 'tested', 'positive', 'for', '\xa0', 'covid-19']","['trump', 'confirms', 'white', 'house', 'staff', 'member', 'tested', 'positive', '\xa0', 'covid-19']"
183,i hate it here. ,"['i', 'hate', 'it', 'here', '.']","['hate', 'here', '.']"
184,"⁦has ⁩, his family been threatened? by whom?  are these illusory threats really being “prosecuted”?  if so,… ","['\u2066has', '\u2069', ',', 'his', 'family', 'been', 'threatened', '?', 'by', 'whom', '?', ' ', 'are', 'these', 'illusory', 'threats', 'really', 'being', '“', 'prosecuted', '”', '?', ' ', 'if', 'so', ',', '…']","['\u2066has', '\u2069', ',', 'family', 'threatened', '?', 'whom', '?', ' ', 'these', 'illusory', 'threats', 'being', '“', 'prosecuted', '”', '?', ' ', 'so', ',', '…']"
185,some international travellers present fake covid-19 test results - ptf -  ,"['some', 'international', 'travellers', 'present', 'fake', 'covid-19', 'test', 'results', '-', 'ptf', '-', ' ']","['international', 'travellers', 'present', 'fake', 'covid-19', 'test', 'results', '-', 'ptf', '-', ' ']"
186,president trump says he can talk gop into going for 'larger' coronavirus aid ,"['president', 'trump', 'says', 'he', 'can', 'talk', 'gop', 'into', 'going', 'for', ""'"", 'larger', ""'"", 'coronavirus', 'aid']","['president', 'trump', 'says', 'can', 'talk', 'gop', 'going', ""'"", 'larger', ""'"", 'coronavirus', 'aid']"
187,south park's new hour-long special will tackle the coronavirus     - cnet ,"['south', 'park', ""'s"", 'new', 'hour', '-', 'long', 'special', 'will', 'tackle', 'the', 'coronavirus', '    ', '-', 'cnet']","['south', 'park', 'new', 'hour', '-', 'long', 'special', 'tackle', 'coronavirus', '    ', '-', 'cnet']"
188,"the commission on higher education has completed guidelines for possible face-to-face classes by january, but only… ","['the', 'commission', 'on', 'higher', 'education', 'has', 'completed', 'guidelines', 'for', 'possible', 'face', '-', 'to', '-', 'face', 'classes', 'by', 'january', ',', 'but', 'only', '…']","['commission', 'higher', 'education', 'completed', 'guidelines', 'possible', 'face', '-', '-', 'face', 'classes', 'january', ',', 'only', '…']"
189,there where about 20 folks in line but because we had made an appointment we where taken right away. it was very we… ,"['there', 'where', 'about', '20', 'folks', 'in', 'line', 'but', 'because', 'we', 'had', 'made', 'an', 'appointment', 'we', 'where', 'taken', 'right', 'away', '.', 'it', 'was', 'very', 'we', '…']","['where', '20', 'folks', 'line', 'because', 'had', 'an', 'appointment', 'where', 'taken', 'right', 'away', '.', 'was', 'we', '…']"
190,daylight saving time bill proposes skipping time change this year amid covid-19 pandemic — wrong answer.  switch ba… ,"['daylight', 'saving', 'time', 'bill', 'proposes', 'skipping', 'time', 'change', 'this', 'year', 'amid', 'covid-19', 'pandemic', '—', 'wrong', 'answer', '.', ' ', 'switch', 'ba', '…']","['daylight', 'saving', 'time', 'bill', 'proposes', 'skipping', 'time', 'change', 'year', 'amid', 'covid-19', 'pandemic', '—', 'wrong', 'answer', '.', ' ', 'switch', 'ba', '…']"
191,yelp data shows 60% of business closures due to the coronavirus are never reopening.  ,"['yelp', 'data', 'shows', '60', '%', 'of', 'business', 'closures', 'due', 'to', 'the', 'coronavirus', 'are', 'never', 'reopening', '.', ' ']","['yelp', 'data', 'shows', '60', '%', 'business', 'closures', 'to', 'coronavirus', 'never', 'reopening', '.', ' ']"
192,wish we had this here in usa. ,"['wish', 'we', 'had', 'this', 'here', 'in', 'usa', '.']","['wish', 'had', 'here', 'usa', '.']"
193,"no, you are just spinning his answer, abc and msm seem to think no one watches the briefing ","['no', ',', 'you', 'are', 'just', 'spinning', 'his', 'answer', ',', 'abc', 'and', 'msm', 'seem', 'to', 'think', 'no', 'one', 'watches', 'the', 'briefing']","[',', 'are', 'spinning', 'answer', ',', 'abc', 'msm', 'to', 'think', 'one', 'watches', 'briefing']"
194,... and covid19 potential contacts! thx &amp; rgds ^rw cc     … ,"['...', 'and', 'covid19', 'potential', 'contacts', '!', 'thx', '&', 'amp', ';', 'rgds', '^rw', 'cc', '    ', '…']","['...', 'covid19', 'potential', 'contacts', '!', 'thx', '&', 'amp', ';', 'rgds', '^rw', 'cc', '    ', '…']"
195,but the riverton fancy car gathering and the car parade  were well worth it. right? ,"['but', 'the', 'riverton', 'fancy', 'car', 'gathering', 'and', 'the', 'car', 'parade', ' ', 'were', 'well', 'worth', 'it', '.', 'right', '?']","['the', 'riverton', 'fancy', 'car', 'gathering', 'the', 'car', 'parade', ' ', 'well', 'worth', '.', 'right', '?']"
196,the majority of children who die from covid-19 are children of color ,"['the', 'majority', 'of', 'children', 'who', 'die', 'from', 'covid-19', 'are', 'children', 'of', 'color']","['majority', 'children', 'die', 'covid-19', 'children', 'color']"
197,oh god. ,"['oh', 'god', '.']","['oh', 'god', '.']"
198, one of the challenges the us faces during the covid-19 crisis is president trump has not always been… ,"[' ', 'one', 'of', 'the', 'challenges', 'the', 'us', 'faces', 'during', 'the', 'covid-19', 'crisis', 'is', 'president', 'trump', 'has', 'not', 'always', 'been', '…']","[' ', 'of', 'challenges', 'us', 'faces', 'the', 'covid-19', 'crisis', 'president', 'trump', 'not', 'been', '…']"
199,"meant to be going away golfing next week for a couple of nights, this better not be fucking true  ","['meant', 'to', 'be', 'going', 'away', 'golfing', 'next', 'week', 'for', 'a', 'couple', 'of', 'nights', ',', 'this', 'better', 'not', 'be', 'fucking', 'true', ' ']","['meant', 'be', 'going', 'away', 'golfing', 'week', 'a', 'couple', 'nights', ',', 'better', 'be', 'fucking', 'true', ' ']"
